gene,type,bam_file_used,,,,,,,Recheck,To-edit,Final-ok
ABCF1,D0_D2_common,2022_06_25_WTC_100TFs_10x_results_D0_WTC_100TFs_possorted_genome_bam.bam,,,,,,,,24,24
ABHD16A,D0_D2_common,2022_06_25_WTC_100TFs_10x_results_D0_WTC_100TFs_possorted_genome_bam.bam,,,,,,,,,
ABHD3,D0_D2_common,2022_06_25_WTC_100TFs_10x_results_D0_WTC_100TFs_possorted_genome_bam.bam,,,,,,,,,
ACLY,D0_D2_common,2022_06_25_WTC_100TFs_10x_results_D0_WTC_100TFs_possorted_genome_bam.bam,,,,,,,,,
ACTG1,D0_D2_common,2022_06_25_WTC_100TFs_10x_results_D0_WTC_100TFs_possorted_genome_bam.bam,,,,,,,,,
ADGRL2,D0_D2_common,2022_06_25_WTC_100TFs_10x_results_D0_WTC_100TFs_possorted_genome_bam.bam,,,,,,,,,
AGPAT1,D0_D2_common,2022_06_25_WTC_100TFs_10x_results_D0_WTC_100TFs_possorted_genome_bam.bam,,,,,,,,,
AIF1,D0_D2_common,2022_06_25_WTC_100TFs_10x_results_D0_WTC_100TFs_possorted_genome_bam.bam,,,,,,,edit,,ok
ALYREF,D0_D2_common,2022_06_25_WTC_100TFs_10x_results_D0_WTC_100TFs_possorted_genome_bam.bam,,,,,,,,,
ANAPC11,p2_housekeeping,2022_06_25_WTC_100TFs_10x_results_D0_WTC_100TFs_possorted_genome_bam.bam,,,,,,,edit,,ok
ANAPC15,D0_D2_common,2022_06_25_WTC_100TFs_10x_results_D0_WTC_100TFs_possorted_genome_bam.bam,,,,,,,edit,,ok
AP002495.1,D0_D2_common,2022_06_25_WTC_100TFs_10x_results_D0_WTC_100TFs_possorted_genome_bam.bam,,,,,,,,,
ARHGDIA,D0_D2_common,2022_06_25_WTC_100TFs_10x_results_D0_WTC_100TFs_possorted_genome_bam.bam,,,,,,,,,
ARL16,D0_D2_common,2022_06_25_WTC_100TFs_10x_results_D0_WTC_100TFs_possorted_genome_bam.bam,,,,,,,,,
ASPSCR1,D0_D2_common,2022_06_25_WTC_100TFs_10x_results_D0_WTC_100TFs_possorted_genome_bam.bam,,,,,,,,,
ATAT1,D0_D2_common,2022_06_25_WTC_100TFs_10x_results_D0_WTC_100TFs_possorted_genome_bam.bam,,,,,,,,,
ATF6B,D0_D2_common,2022_06_25_WTC_100TFs_10x_results_D0_WTC_100TFs_possorted_genome_bam.bam,,,,,,,,,
ATN1,D0_D2_common,2022_06_25_WTC_100TFs_10x_results_D0_WTC_100TFs_possorted_genome_bam.bam,,,,,,,,,
ATP6V0A1,D0_D2_common,2022_06_25_WTC_100TFs_10x_results_D0_WTC_100TFs_possorted_genome_bam.bam,,,,,,,,,
ATP6V1H,D0_D2_common,2022_06_25_WTC_100TFs_10x_results_D0_WTC_100TFs_possorted_genome_bam.bam,,,,,,,,,
AUTS2,D0_D2_common,2022_06_25_WTC_100TFs_10x_results_D0_WTC_100TFs_possorted_genome_bam.bam,,,,,,,,,
AZI2,D0_D2_common,2022_06_25_WTC_100TFs_10x_results_D0_WTC_100TFs_possorted_genome_bam.bam,,,,,,,,,
B3GNTL1,D0_D2_common,2022_06_25_WTC_100TFs_10x_results_D0_WTC_100TFs_possorted_genome_bam.bam,,,,,,,,,
BAG6,D0_D2_common,2022_06_25_WTC_100TFs_10x_results_D0_WTC_100TFs_possorted_genome_bam.bam,,,,,,,,,
BECN1,D0_D2_common,2022_06_25_WTC_100TFs_10x_results_D0_WTC_100TFs_possorted_genome_bam.bam,,,,,,,,,
BLOC1S2,D0_D2_common,2022_06_25_WTC_100TFs_10x_results_D0_WTC_100TFs_possorted_genome_bam.bam,,,,,,,,,
C12orf57,D0_D2_common,2022_06_25_WTC_100TFs_10x_results_D0_WTC_100TFs_possorted_genome_bam.bam,,,,,,,,,
C1orf50,D0_D2_common,2022_06_25_WTC_100TFs_10x_results_D0_WTC_100TFs_possorted_genome_bam.bam,,,,,,,,,
C1RL,D0_D2_common,2022_06_25_WTC_100TFs_10x_results_D0_WTC_100TFs_possorted_genome_bam.bam,,,,,,,,,
C1S,D0_D2_common,2022_06_25_WTC_100TFs_10x_results_D0_WTC_100TFs_possorted_genome_bam.bam,,,,,,,,,
C6orf136,D0_D2_common,2022_06_25_WTC_100TFs_10x_results_D0_WTC_100TFs_possorted_genome_bam.bam,,,,,,,,,
C6orf47,D0_D2_common,2022_06_25_WTC_100TFs_10x_results_D0_WTC_100TFs_possorted_genome_bam.bam,,,,,,,,,
CABLES1,D0_D2_common,2022_06_25_WTC_100TFs_10x_results_D0_WTC_100TFs_possorted_genome_bam.bam,,,,,,,,,
CADM2,D0_D2_common,2022_06_25_WTC_100TFs_10x_results_D0_WTC_100TFs_possorted_genome_bam.bam,,,,,,,,,
CAVIN1,D0_D2_common,2022_06_25_WTC_100TFs_10x_results_D0_WTC_100TFs_possorted_genome_bam.bam,,,,,,,,,
CCDC137,D0_D2_common,2022_06_25_WTC_100TFs_10x_results_D0_WTC_100TFs_possorted_genome_bam.bam,,,,,,,,,
CCDC30,D0_D2_common,2022_06_25_WTC_100TFs_10x_results_D0_WTC_100TFs_possorted_genome_bam.bam,,,,,,,,,
CCDC57,D0_D2_common,2022_06_25_WTC_100TFs_10x_results_D0_WTC_100TFs_possorted_genome_bam.bam,,,,,,,,,
CCHCR1,D0_D2_common,2022_06_25_WTC_100TFs_10x_results_D0_WTC_100TFs_possorted_genome_bam.bam,,,,,,,,,
CDC20,D0_D2_common,2022_06_25_WTC_100TFs_10x_results_D0_WTC_100TFs_possorted_genome_bam.bam,,,,,,,,,
CDCA3,D0_D2_common,2022_06_25_WTC_100TFs_10x_results_D0_WTC_100TFs_possorted_genome_bam.bam,,,,,,,,,
CENPX,D0_D2_common,2022_06_25_WTC_100TFs_10x_results_D0_WTC_100TFs_possorted_genome_bam.bam,,,,,,,,,
CEP131,D0_D2_common,2022_06_25_WTC_100TFs_10x_results_D0_WTC_100TFs_possorted_genome_bam.bam,,,,,,,,,
CHUK,D0_D2_common,2022_06_25_WTC_100TFs_10x_results_D0_WTC_100TFs_possorted_genome_bam.bam,,,,,,,,,
CLASP1,D0_D2_common,2022_06_25_WTC_100TFs_10x_results_D0_WTC_100TFs_possorted_genome_bam.bam,,,,,,,,,
CLIC1,D0_D2_common,2022_06_25_WTC_100TFs_10x_results_D0_WTC_100TFs_possorted_genome_bam.bam,,,,,,,,,
CLSTN1,D0_D2_common,2022_06_25_WTC_100TFs_10x_results_D0_WTC_100TFs_possorted_genome_bam.bam,,,,,,,,,
CLSTN3,D0_D2_common,2022_06_25_WTC_100TFs_10x_results_D0_WTC_100TFs_possorted_genome_bam.bam,,,,,,,,,
CMC1,D0_D2_common,2022_06_25_WTC_100TFs_10x_results_D0_WTC_100TFs_possorted_genome_bam.bam,,,,,,,,,
CNP,D0_D2_common,2022_06_25_WTC_100TFs_10x_results_D0_WTC_100TFs_possorted_genome_bam.bam,,,,,,,,,
COA3,D0_D2_common,2022_06_25_WTC_100TFs_10x_results_D0_WTC_100TFs_possorted_genome_bam.bam,,,,,,,,,
COASY,D0_D2_common,2022_06_25_WTC_100TFs_10x_results_D0_WTC_100TFs_possorted_genome_bam.bam,,,,,,,,,
COX15,D0_D2_common,2022_06_25_WTC_100TFs_10x_results_D0_WTC_100TFs_possorted_genome_bam.bam,,,,,,,,,
CSNK1D,D0_D2_common,2022_06_25_WTC_100TFs_10x_results_D0_WTC_100TFs_possorted_genome_bam.bam,,,,,,,,,
CSNK2B,D0_D2_common,2022_06_25_WTC_100TFs_10x_results_D0_WTC_100TFs_possorted_genome_bam.bam,,,,,,,edit,,ok
CTNNBIP1,D0_D2_common,2022_06_25_WTC_100TFs_10x_results_D0_WTC_100TFs_possorted_genome_bam.bam,,,,,,,,,
CTNND2,D0_D2_common,2022_06_25_WTC_100TFs_10x_results_D0_WTC_100TFs_possorted_genome_bam.bam,,,,,,,,,
CTTN,D0_D2_common,2022_06_25_WTC_100TFs_10x_results_D0_WTC_100TFs_possorted_genome_bam.bam,,,,,,,,,
CUTC,D0_D2_common,2022_06_25_WTC_100TFs_10x_results_D0_WTC_100TFs_possorted_genome_bam.bam,,,,,,,,,
CWF19L1,D0_D2_common,2022_06_25_WTC_100TFs_10x_results_D0_WTC_100TFs_possorted_genome_bam.bam,,,,,,,,,
CYBC1,D0_D2_common,2022_06_25_WTC_100TFs_10x_results_D0_WTC_100TFs_possorted_genome_bam.bam,,,,,,,,,
DCXR,D0_D2_common,2022_06_25_WTC_100TFs_10x_results_D0_WTC_100TFs_possorted_genome_bam.bam,,,,,,,,,
DDAH2,D0_D2_common,2022_06_25_WTC_100TFs_10x_results_D0_WTC_100TFs_possorted_genome_bam.bam,,,,,,,,,
DDR1,D0_D2_common,2022_06_25_WTC_100TFs_10x_results_D0_WTC_100TFs_possorted_genome_bam.bam,,,,,,,,,
DDX39B,D0_D2_common,2022_06_25_WTC_100TFs_10x_results_D0_WTC_100TFs_possorted_genome_bam.bam,,,,,,,,,
DHCR7,D0_D2_common,2022_06_25_WTC_100TFs_10x_results_D0_WTC_100TFs_possorted_genome_bam.bam,,,,,,,,,
DHX16,D0_D2_common,2022_06_25_WTC_100TFs_10x_results_D0_WTC_100TFs_possorted_genome_bam.bam,,,,,,,,,
DNAJC19,D0_D2_common,2022_06_25_WTC_100TFs_10x_results_D0_WTC_100TFs_possorted_genome_bam.bam,,,,,,,,,
DNAJC7,D0_D2_common,2022_06_25_WTC_100TFs_10x_results_D0_WTC_100TFs_possorted_genome_bam.bam,,,,,,,,,
DNMBP,D0_D2_common,2022_06_25_WTC_100TFs_10x_results_D0_WTC_100TFs_possorted_genome_bam.bam,,,,,,,,,
DUS1L,D0_D2_common,2022_06_25_WTC_100TFs_10x_results_D0_WTC_100TFs_possorted_genome_bam.bam,,,,,,,edit,,ok
EBNA1BP2,D0_D2_common,2022_06_25_WTC_100TFs_10x_results_D0_WTC_100TFs_possorted_genome_bam.bam,,,,,,,,,
EHMT2,D0_D2_common,2022_06_25_WTC_100TFs_10x_results_D0_WTC_100TFs_possorted_genome_bam.bam,,,,,,,,,
EIF1,D0_D2_common,2022_06_25_WTC_100TFs_10x_results_D0_WTC_100TFs_possorted_genome_bam.bam,,,,,,,,,
EIF4EBP2,D0_D2_common,2022_06_25_WTC_100TFs_10x_results_D0_WTC_100TFs_possorted_genome_bam.bam,,,,,,,,,
ELOVL1,D0_D2_common,2022_06_25_WTC_100TFs_10x_results_D0_WTC_100TFs_possorted_genome_bam.bam,,,,,,,,,
EMG1,D0_D2_common,2022_06_25_WTC_100TFs_10x_results_D0_WTC_100TFs_possorted_genome_bam.bam,,,,,,,,,
ENO1,D0_D2_common,2022_06_25_WTC_100TFs_10x_results_D0_WTC_100TFs_possorted_genome_bam.bam,,,,,,,,,
ENO2,D0_D2_common,2022_06_25_WTC_100TFs_10x_results_D0_WTC_100TFs_possorted_genome_bam.bam,,,,,,,,,
ENTPD7,D0_D2_common,2022_06_25_WTC_100TFs_10x_results_D0_WTC_100TFs_possorted_genome_bam.bam,,,,,,,,,
EPB41L5,D0_D2_common,2022_06_25_WTC_100TFs_10x_results_D0_WTC_100TFs_possorted_genome_bam.bam,,,,,,,,,
ERLIN1,D0_D2_common,2022_06_25_WTC_100TFs_10x_results_D0_WTC_100TFs_possorted_genome_bam.bam,,,,,,,,,
ERRFI1,D0_D2_common,2022_06_25_WTC_100TFs_10x_results_D0_WTC_100TFs_possorted_genome_bam.bam,,,,,,,,,
ESCO1,D0_D2_common,2022_06_25_WTC_100TFs_10x_results_D0_WTC_100TFs_possorted_genome_bam.bam,,,,,,,,,
EZH1,D0_D2_common,2022_06_25_WTC_100TFs_10x_results_D0_WTC_100TFs_possorted_genome_bam.bam,,,,,,,,,
FAAP100,D0_D2_common,2022_06_25_WTC_100TFs_10x_results_D0_WTC_100TFs_possorted_genome_bam.bam,,,,,,,,,
FAM241B,D0_D2_common,2022_06_25_WTC_100TFs_10x_results_D0_WTC_100TFs_possorted_genome_bam.bam,,,,,,,,,
FASN,D0_D2_common,2022_06_25_WTC_100TFs_10x_results_D0_WTC_100TFs_possorted_genome_bam.bam,,,,,,,,,
FKBP10,D0_D2_common,2022_06_25_WTC_100TFs_10x_results_D0_WTC_100TFs_possorted_genome_bam.bam,,,,,,,,,
FLOT1,D0_D2_common,2022_06_25_WTC_100TFs_10x_results_D0_WTC_100TFs_possorted_genome_bam.bam,,,,,,,,,
FLRT2,D0_D2_common,2022_06_25_WTC_100TFs_10x_results_D0_WTC_100TFs_possorted_genome_bam.bam,,,,,,,,,
FN3KRP,D0_D2_common,2022_06_25_WTC_100TFs_10x_results_D0_WTC_100TFs_possorted_genome_bam.bam,,,,,,,,,
FOXA2,D0_D2_common,2022_06_25_WTC_100TFs_10x_results_D0_WTC_100TFs_possorted_genome_bam.bam,,,,,,,,,
FOXJ3,D0_D2_common,2022_06_25_WTC_100TFs_10x_results_D0_WTC_100TFs_possorted_genome_bam.bam,,,,,,,,,
FOXK2,D0_D2_common,2022_06_25_WTC_100TFs_10x_results_D0_WTC_100TFs_possorted_genome_bam.bam,,,,,,,,,
FXR1,D0_D2_common,2022_06_25_WTC_100TFs_10x_results_D0_WTC_100TFs_possorted_genome_bam.bam,,,,,,,,,
GATA6,D0_D2_common,2022_06_25_WTC_100TFs_10x_results_D0_WTC_100TFs_possorted_genome_bam.bam,,,,,,,,,
GLI2,D0_D2_common,2022_06_25_WTC_100TFs_10x_results_D0_WTC_100TFs_possorted_genome_bam.bam,,,,,,,,,
GNL1,D0_D2_common,2022_06_25_WTC_100TFs_10x_results_D0_WTC_100TFs_possorted_genome_bam.bam,,,,,,,,,
GOT1,D0_D2_common,2022_06_25_WTC_100TFs_10x_results_D0_WTC_100TFs_possorted_genome_bam.bam,,,,,,,,,
GPANK1,D0_D2_common,2022_06_25_WTC_100TFs_10x_results_D0_WTC_100TFs_possorted_genome_bam.bam,,,,,,,,,
GPS1,D0_D2_common,2022_06_25_WTC_100TFs_10x_results_D0_WTC_100TFs_possorted_genome_bam.bam,,,,,,,,,
GREB1L,D0_D2_common,2022_06_25_WTC_100TFs_10x_results_D0_WTC_100TFs_possorted_genome_bam.bam,,,,,,,,,
GTF2H4,D0_D2_common,2022_06_25_WTC_100TFs_10x_results_D0_WTC_100TFs_possorted_genome_bam.bam,,,,,,,,,
GZF1,D0_D2_common,2022_06_25_WTC_100TFs_10x_results_D0_WTC_100TFs_possorted_genome_bam.bam,,,,,,,,,
H2AFY2,D0_D2_common,2022_06_25_WTC_100TFs_10x_results_D0_WTC_100TFs_possorted_genome_bam.bam,,,,,,,,,
HGS,D0_D2_common,2022_06_25_WTC_100TFs_10x_results_D0_WTC_100TFs_possorted_genome_bam.bam,,,,,,,,,
HIF1AN,D0_D2_common,2022_06_25_WTC_100TFs_10x_results_D0_WTC_100TFs_possorted_genome_bam.bam,,,,,,,,,
HLA-B,D0_D2_common,2022_06_25_WTC_100TFs_10x_results_D0_WTC_100TFs_possorted_genome_bam.bam,,,,,,,,,
HLA-C,D0_D2_common,2022_06_25_WTC_100TFs_10x_results_D0_WTC_100TFs_possorted_genome_bam.bam,,,,,,,,,
HLA-E,D0_D2_common,2022_06_25_WTC_100TFs_10x_results_D0_WTC_100TFs_possorted_genome_bam.bam,,,,,,,,,
HSPA1A,D0_D2_common,2022_06_25_WTC_100TFs_10x_results_D0_WTC_100TFs_possorted_genome_bam.bam,,,,,,,,,
HSPA1B,D0_D2_common,2022_06_25_WTC_100TFs_10x_results_D0_WTC_100TFs_possorted_genome_bam.bam,,,,,,,,,
HYI,D0_D2_common,2022_06_25_WTC_100TFs_10x_results_D0_WTC_100TFs_possorted_genome_bam.bam,,,,,,,,,
IER3,D0_D2_common,2022_06_25_WTC_100TFs_10x_results_D0_WTC_100TFs_possorted_genome_bam.bam,,,,,,,,,
INPPL1,D0_D2_common,2022_06_25_WTC_100TFs_10x_results_D0_WTC_100TFs_possorted_genome_bam.bam,,,,,,,,,
JUP,D0_D2_common,2022_06_25_WTC_100TFs_10x_results_D0_WTC_100TFs_possorted_genome_bam.bam,,,,,,,,,
KDM4A,D0_D2_common,2022_06_25_WTC_100TFs_10x_results_D0_WTC_100TFs_possorted_genome_bam.bam,,,,,,,,,
KRT19,D0_D2_common,2022_06_25_WTC_100TFs_10x_results_D0_WTC_100TFs_possorted_genome_bam.bam,,,,,,,edit,,ok
LAMTOR1,D0_D2_common,2022_06_25_WTC_100TFs_10x_results_D0_WTC_100TFs_possorted_genome_bam.bam,,,,,,,,,
LPCAT3,D0_D2_common,2022_06_25_WTC_100TFs_10x_results_D0_WTC_100TFs_possorted_genome_bam.bam,,,,,,,,,
LRRC20,D0_D2_common,2022_06_25_WTC_100TFs_10x_results_D0_WTC_100TFs_possorted_genome_bam.bam,,,,,,,,,
LRRC23,D0_D2_common,2022_06_25_WTC_100TFs_10x_results_D0_WTC_100TFs_possorted_genome_bam.bam,,,,,,,,,
LRRC45,D0_D2_common,2022_06_25_WTC_100TFs_10x_results_D0_WTC_100TFs_possorted_genome_bam.bam,,,,,,,,,
LRRC4C,D0_D2_common,2022_06_25_WTC_100TFs_10x_results_D0_WTC_100TFs_possorted_genome_bam.bam,,,,,,,,,
LRTOMT,D0_D2_common,2022_06_25_WTC_100TFs_10x_results_D0_WTC_100TFs_possorted_genome_bam.bam,,,,,,,,,
LSAMP,D0_D2_common,2022_06_25_WTC_100TFs_10x_results_D0_WTC_100TFs_possorted_genome_bam.bam,,,,,,,,,
LSM2,D0_D2_common,2022_06_25_WTC_100TFs_10x_results_D0_WTC_100TFs_possorted_genome_bam.bam,,,,,,,,,
LYPLA1,D0_D2_common,2022_06_25_WTC_100TFs_10x_results_D0_WTC_100TFs_possorted_genome_bam.bam,,,,,,,,,
LZTS2,D0_D2_common,2022_06_25_WTC_100TFs_10x_results_D0_WTC_100TFs_possorted_genome_bam.bam,,,,,,,,,
MAFG,D0_D2_common,2022_06_25_WTC_100TFs_10x_results_D0_WTC_100TFs_possorted_genome_bam.bam,,,,,,,,,
MCRIP1,D0_D2_common,2022_06_25_WTC_100TFs_10x_results_D0_WTC_100TFs_possorted_genome_bam.bam,,,,,,,,,
MDC1,D0_D2_common,2022_06_25_WTC_100TFs_10x_results_D0_WTC_100TFs_possorted_genome_bam.bam,,,,,,,,,
MED8,D0_D2_common,2022_06_25_WTC_100TFs_10x_results_D0_WTC_100TFs_possorted_genome_bam.bam,,,,,,,,,
METRNL,D0_D2_common,2022_06_25_WTC_100TFs_10x_results_D0_WTC_100TFs_possorted_genome_bam.bam,,,,,,,,,
MIB1,D0_D2_common,2022_06_25_WTC_100TFs_10x_results_D0_WTC_100TFs_possorted_genome_bam.bam,,,,,,,,,
MLX,D0_D2_common,2022_06_25_WTC_100TFs_10x_results_D0_WTC_100TFs_possorted_genome_bam.bam,,,,,,,,,
MRPL12,D0_D2_common,2022_06_25_WTC_100TFs_10x_results_D0_WTC_100TFs_possorted_genome_bam.bam,,,,,,,,,
MRPL15,D0_D2_common,2022_06_25_WTC_100TFs_10x_results_D0_WTC_100TFs_possorted_genome_bam.bam,,,,,,,,,
MRPL43,D0_D2_common,2022_06_25_WTC_100TFs_10x_results_D0_WTC_100TFs_possorted_genome_bam.bam,,,,,,,edit : keep pA2,,ok
MRPS18B,D0_D2_common,2022_06_25_WTC_100TFs_10x_results_D0_WTC_100TFs_possorted_genome_bam.bam,,,,,,,,,
MSH5,D0_D2_common,2022_06_25_WTC_100TFs_10x_results_D0_WTC_100TFs_possorted_genome_bam.bam,,,,,,,,,
NADSYN1,D0_D2_common,2022_06_25_WTC_100TFs_10x_results_D0_WTC_100TFs_possorted_genome_bam.bam,,,,,,,,,
NAGLU,D0_D2_common,2022_06_25_WTC_100TFs_10x_results_D0_WTC_100TFs_possorted_genome_bam.bam,,,,,,,,,
NANOG,D0_D2_common,2022_06_25_WTC_100TFs_10x_results_D0_WTC_100TFs_possorted_genome_bam.bam,,,,,,,edit,,ok
NAPB,D0_D2_common,2022_06_25_WTC_100TFs_10x_results_D0_WTC_100TFs_possorted_genome_bam.bam,,,,,,,,,
NARF,D0_D2_common,2022_06_25_WTC_100TFs_10x_results_D0_WTC_100TFs_possorted_genome_bam.bam,,,,,,,,,
NDUFAF8,D0_D2_common,2022_06_25_WTC_100TFs_10x_results_D0_WTC_100TFs_possorted_genome_bam.bam,,,,,,,edit,,ok
NDUFB8,D0_D2_common,2022_06_25_WTC_100TFs_10x_results_D0_WTC_100TFs_possorted_genome_bam.bam,,,,,,,edit,,ok
NECAP1,D0_D2_common,2022_06_25_WTC_100TFs_10x_results_D0_WTC_100TFs_possorted_genome_bam.bam,,,,,,,,,
NEK10,D0_D2_common,2022_06_25_WTC_100TFs_10x_results_D0_WTC_100TFs_possorted_genome_bam.bam,,,,,,,,,
NELFE,D0_D2_common,2022_06_25_WTC_100TFs_10x_results_D0_WTC_100TFs_possorted_genome_bam.bam,,,,,,,,,
NEU1,D0_D2_common,2022_06_25_WTC_100TFs_10x_results_D0_WTC_100TFs_possorted_genome_bam.bam,,,,,,,,,
NFKBIL1,D0_D2_common,2022_06_25_WTC_100TFs_10x_results_D0_WTC_100TFs_possorted_genome_bam.bam,,,,,,,,,
NIFK,D0_D2_common,2022_06_25_WTC_100TFs_10x_results_D0_WTC_100TFs_possorted_genome_bam.bam,,,,,,,edit,,ok
NKIRAS2,D0_D2_common,2022_06_25_WTC_100TFs_10x_results_D0_WTC_100TFs_possorted_genome_bam.bam,,,,,,,,,
NODAL,D0_D2_common,2022_06_25_WTC_100TFs_10x_results_D0_WTC_100TFs_possorted_genome_bam.bam,,,,,,,,,
NPLOC4,D0_D2_common,2022_06_25_WTC_100TFs_10x_results_D0_WTC_100TFs_possorted_genome_bam.bam,,,,,,,,,
NRG3,D0_D2_common,2022_06_25_WTC_100TFs_10x_results_D0_WTC_100TFs_possorted_genome_bam.bam,,,,,,,,,
NRM,D0_D2_common,2022_06_25_WTC_100TFs_10x_results_D0_WTC_100TFs_possorted_genome_bam.bam,,,,,,,,,
NRXN1,D0_D2_common,2022_06_25_WTC_100TFs_10x_results_D0_WTC_100TFs_possorted_genome_bam.bam,,,,,,,,,
NT5C3B,D0_D2_common,2022_06_25_WTC_100TFs_10x_results_D0_WTC_100TFs_possorted_genome_bam.bam,,,,,,,,,
NUMA1,D0_D2_common,2022_06_25_WTC_100TFs_10x_results_D0_WTC_100TFs_possorted_genome_bam.bam,,,,,,,,,
NXT1,D0_D2_common,2022_06_25_WTC_100TFs_10x_results_D0_WTC_100TFs_possorted_genome_bam.bam,,,,,,,,,
OGFOD3,D0_D2_common,2022_06_25_WTC_100TFs_10x_results_D0_WTC_100TFs_possorted_genome_bam.bam,,,,,,,,,
OXLD1,D0_D2_common,2022_06_25_WTC_100TFs_10x_results_D0_WTC_100TFs_possorted_genome_bam.bam,,,,,,,,,
P3H1,D0_D2_common,2022_06_25_WTC_100TFs_10x_results_D0_WTC_100TFs_possorted_genome_bam.bam,,,,,,,edit,,ok
P3H3,D0_D2_common,2022_06_25_WTC_100TFs_10x_results_D0_WTC_100TFs_possorted_genome_bam.bam,,,,,,,,,
P3H4,D0_D2_common,2022_06_25_WTC_100TFs_10x_results_D0_WTC_100TFs_possorted_genome_bam.bam,,,,,,,,,
P4HB,D0_D2_common,2022_06_25_WTC_100TFs_10x_results_D0_WTC_100TFs_possorted_genome_bam.bam,,,,,,,,,
PALD1,D0_D2_common,2022_06_25_WTC_100TFs_10x_results_D0_WTC_100TFs_possorted_genome_bam.bam,,,,,,,,,
PARK7,D0_D2_common,2022_06_25_WTC_100TFs_10x_results_D0_WTC_100TFs_possorted_genome_bam.bam,,,,,,,,,
PCBD1,D0_D2_common,2022_06_25_WTC_100TFs_10x_results_D0_WTC_100TFs_possorted_genome_bam.bam,,,,,,,,,
PCDH10,D0_D2_common,2022_06_25_WTC_100TFs_10x_results_D0_WTC_100TFs_possorted_genome_bam.bam,,,,,,,edit,,ok
PCYT2,D0_D2_common,2022_06_25_WTC_100TFs_10x_results_D0_WTC_100TFs_possorted_genome_bam.bam,,,,,,,,,
PEX5,D0_D2_common,2022_06_25_WTC_100TFs_10x_results_D0_WTC_100TFs_possorted_genome_bam.bam,,,,,,,,,
PHB2,D0_D2_common,2022_06_25_WTC_100TFs_10x_results_D0_WTC_100TFs_possorted_genome_bam.bam,,,,,,,,,
PLEKHH3,D0_D2_common,2022_06_25_WTC_100TFs_10x_results_D0_WTC_100TFs_possorted_genome_bam.bam,,,,,,,,,
POU5F1,D0_D2_common,2022_06_25_WTC_100TFs_10x_results_D0_WTC_100TFs_possorted_genome_bam.bam,,,,,,,,,
PPA1,D0_D2_common,2022_06_25_WTC_100TFs_10x_results_D0_WTC_100TFs_possorted_genome_bam.bam,,,,,,,,,
PPCS,D0_D2_common,2022_06_25_WTC_100TFs_10x_results_D0_WTC_100TFs_possorted_genome_bam.bam,,,,,,,,,
PPFIA1,D0_D2_common,2022_06_25_WTC_100TFs_10x_results_D0_WTC_100TFs_possorted_genome_bam.bam,,,,,,,,,
PPIH,D0_D2_common,2022_06_25_WTC_100TFs_10x_results_D0_WTC_100TFs_possorted_genome_bam.bam,,,,,,,edit; keep pA2,,ok
PPP1R10,D0_D2_common,2022_06_25_WTC_100TFs_10x_results_D0_WTC_100TFs_possorted_genome_bam.bam,,,,,,,,,
PPP1R18,D0_D2_common,2022_06_25_WTC_100TFs_10x_results_D0_WTC_100TFs_possorted_genome_bam.bam,,,,,,,,,
PPT2,D0_D2_common,2022_06_25_WTC_100TFs_10x_results_D0_WTC_100TFs_possorted_genome_bam.bam,,,,,,,,,
PRR3,D0_D2_common,2022_06_25_WTC_100TFs_10x_results_D0_WTC_100TFs_possorted_genome_bam.bam,,,,,,,,,
PRRC2A,D0_D2_common,2022_06_25_WTC_100TFs_10x_results_D0_WTC_100TFs_possorted_genome_bam.bam,,,,,,,,,
PSMC3IP,D0_D2_common,2022_06_25_WTC_100TFs_10x_results_D0_WTC_100TFs_possorted_genome_bam.bam,,,,,,,,,
PSME3,D0_D2_common,2022_06_25_WTC_100TFs_10x_results_D0_WTC_100TFs_possorted_genome_bam.bam,,,,,,,,,
PTPN4,D0_D2_common,2022_06_25_WTC_100TFs_10x_results_D0_WTC_100TFs_possorted_genome_bam.bam,,,,,,,,,
PTPN6,D0_D2_common,2022_06_25_WTC_100TFs_10x_results_D0_WTC_100TFs_possorted_genome_bam.bam,,,,,,,,,
PTPRF,D0_D2_common,2022_06_25_WTC_100TFs_10x_results_D0_WTC_100TFs_possorted_genome_bam.bam,,,,,,,,,
PYCR1,D0_D2_common,2022_06_25_WTC_100TFs_10x_results_D0_WTC_100TFs_possorted_genome_bam.bam,,,,,,,,,
RAB5C,D0_D2_common,2022_06_25_WTC_100TFs_10x_results_D0_WTC_100TFs_possorted_genome_bam.bam,,,,,,,,,
RAC3,D0_D2_common,2022_06_25_WTC_100TFs_10x_results_D0_WTC_100TFs_possorted_genome_bam.bam,,,,,,,,,
RALB,D0_D2_common,2022_06_25_WTC_100TFs_10x_results_D0_WTC_100TFs_possorted_genome_bam.bam,,,,,,,,,
RAMP2,D0_D2_common,2022_06_25_WTC_100TFs_10x_results_D0_WTC_100TFs_possorted_genome_bam.bam,,,,,,,,,
RBBP8,D0_D2_common,2022_06_25_WTC_100TFs_10x_results_D0_WTC_100TFs_possorted_genome_bam.bam,,,,,,,,,
RBMS3,D0_D2_common,2022_06_25_WTC_100TFs_10x_results_D0_WTC_100TFs_possorted_genome_bam.bam,,,,,,,,,
RERE,D0_D2_common,2022_06_25_WTC_100TFs_10x_results_D0_WTC_100TFs_possorted_genome_bam.bam,,,,,,,,,
RETREG3,D0_D2_common,2022_06_25_WTC_100TFs_10x_results_D0_WTC_100TFs_possorted_genome_bam.bam,,,,,,,,,
RFNG,D0_D2_common,2022_06_25_WTC_100TFs_10x_results_D0_WTC_100TFs_possorted_genome_bam.bam,,,,,,,,,
RIMKLA,D0_D2_common,2022_06_25_WTC_100TFs_10x_results_D0_WTC_100TFs_possorted_genome_bam.bam,,,,,,,,,
RIMKLB,D0_D2_common,2022_06_25_WTC_100TFs_10x_results_D0_WTC_100TFs_possorted_genome_bam.bam,,,,,,,,,
RNF121,D0_D2_common,2022_06_25_WTC_100TFs_10x_results_D0_WTC_100TFs_possorted_genome_bam.bam,,,,,,,,,
RNF5,D0_D2_common,2022_06_25_WTC_100TFs_10x_results_D0_WTC_100TFs_possorted_genome_bam.bam,,,,,,,,,
ROBO1,D0_D2_common,2022_06_25_WTC_100TFs_10x_results_D0_WTC_100TFs_possorted_genome_bam.bam,,,,,,,,,
RPP21,D0_D2_common,2022_06_25_WTC_100TFs_10x_results_D0_WTC_100TFs_possorted_genome_bam.bam,,,,,,,,,
SAR1A,D0_D2_common,2022_06_25_WTC_100TFs_10x_results_D0_WTC_100TFs_possorted_genome_bam.bam,,,,,,,,,
SCD,D0_D2_common,2022_06_25_WTC_100TFs_10x_results_D0_WTC_100TFs_possorted_genome_bam.bam,,,,,,,,,
SGPL1,D0_D2_common,2022_06_25_WTC_100TFs_10x_results_D0_WTC_100TFs_possorted_genome_bam.bam,,,,,,,,,
SHANK2,D0_D2_common,2022_06_25_WTC_100TFs_10x_results_D0_WTC_100TFs_possorted_genome_bam.bam,,,,,,,,,
SIRT7,D0_D2_common,2022_06_25_WTC_100TFs_10x_results_D0_WTC_100TFs_possorted_genome_bam.bam,,,,,,,,,
SKIV2L,D0_D2_common,2022_06_25_WTC_100TFs_10x_results_D0_WTC_100TFs_possorted_genome_bam.bam,,,,,,,,,
SLC16A3,D0_D2_common,2022_06_25_WTC_100TFs_10x_results_D0_WTC_100TFs_possorted_genome_bam.bam,,,,,,,,,
SLC25A10,D0_D2_common,2022_06_25_WTC_100TFs_10x_results_D0_WTC_100TFs_possorted_genome_bam.bam,,,,,,,,,
SLC25A28,D0_D2_common,2022_06_25_WTC_100TFs_10x_results_D0_WTC_100TFs_possorted_genome_bam.bam,,,,,,,,,
SLC25A33,D0_D2_common,2022_06_25_WTC_100TFs_10x_results_D0_WTC_100TFs_possorted_genome_bam.bam,,,,,,,,,
SLC2A1,D0_D2_common,2022_06_25_WTC_100TFs_10x_results_D0_WTC_100TFs_possorted_genome_bam.bam,,,,,,,,,
SLC2A3,D0_D2_common,2022_06_25_WTC_100TFs_10x_results_D0_WTC_100TFs_possorted_genome_bam.bam,,,,,,,,,
SLC38A10,D0_D2_common,2022_06_25_WTC_100TFs_10x_results_D0_WTC_100TFs_possorted_genome_bam.bam,,,,,,,,,
SLC4A7,D0_D2_common,2022_06_25_WTC_100TFs_10x_results_D0_WTC_100TFs_possorted_genome_bam.bam,,,,,,,,,
SLF2,D0_D2_common,2022_06_25_WTC_100TFs_10x_results_D0_WTC_100TFs_possorted_genome_bam.bam,,,,,,,,,
SNRPD1,D0_D2_common,2022_06_25_WTC_100TFs_10x_results_D0_WTC_100TFs_possorted_genome_bam.bam,,,,,,,edit,,ok
SOX2,D0_D2_common,2022_06_25_WTC_100TFs_10x_results_D0_WTC_100TFs_possorted_genome_bam.bam,,,,,,,,,
SPSB2,D0_D2_common,2022_06_25_WTC_100TFs_10x_results_D0_WTC_100TFs_possorted_genome_bam.bam,,,,,,,,,
STAT3,D0_D2_common,2022_06_25_WTC_100TFs_10x_results_D0_WTC_100TFs_possorted_genome_bam.bam,,,,,,,,,
STAT5B,D0_D2_common,2022_06_25_WTC_100TFs_10x_results_D0_WTC_100TFs_possorted_genome_bam.bam,,,,,,,,,
STK19,D0_D2_common,2022_06_25_WTC_100TFs_10x_results_D0_WTC_100TFs_possorted_genome_bam.bam,,,,,,,,,
SVBP,D0_D2_common,2022_06_25_WTC_100TFs_10x_results_D0_WTC_100TFs_possorted_genome_bam.bam,,,,,,,,,
SZT2,D0_D2_common,2022_06_25_WTC_100TFs_10x_results_D0_WTC_100TFs_possorted_genome_bam.bam,,,,,,,,,
TBCD,D0_D2_common,2022_06_25_WTC_100TFs_10x_results_D0_WTC_100TFs_possorted_genome_bam.bam,,,,,,,edit,,ok
TCEA1,D0_D2_common,2022_06_25_WTC_100TFs_10x_results_D0_WTC_100TFs_possorted_genome_bam.bam,,,,,,,,,
TMEM125,D0_D2_common,2022_06_25_WTC_100TFs_10x_results_D0_WTC_100TFs_possorted_genome_bam.bam,,,,,,,,,
TPI1,D0_D2_common,2022_06_25_WTC_100TFs_10x_results_D0_WTC_100TFs_possorted_genome_bam.bam,,,,,,,,,
TRIM26,D0_D2_common,2022_06_25_WTC_100TFs_10x_results_D0_WTC_100TFs_possorted_genome_bam.bam,,,,,,,,,
TTC25,D0_D2_common,2022_06_25_WTC_100TFs_10x_results_D0_WTC_100TFs_possorted_genome_bam.bam,,,,,,,,,
TUBB,D0_D2_common,2022_06_25_WTC_100TFs_10x_results_D0_WTC_100TFs_possorted_genome_bam.bam,,,,,,,,,
TUBG1,D0_D2_common,2022_06_25_WTC_100TFs_10x_results_D0_WTC_100TFs_possorted_genome_bam.bam,,,,,,,,,
TUBG2,D0_D2_common,2022_06_25_WTC_100TFs_10x_results_D0_WTC_100TFs_possorted_genome_bam.bam,,,,,,,,,
TWNK,D0_D2_common,2022_06_25_WTC_100TFs_10x_results_D0_WTC_100TFs_possorted_genome_bam.bam,,,,,,,,,
TYSND1,D0_D2_common,2022_06_25_WTC_100TFs_10x_results_D0_WTC_100TFs_possorted_genome_bam.bam,,,,,,,,,
UNC5B,D0_D2_common,2022_06_25_WTC_100TFs_10x_results_D0_WTC_100TFs_possorted_genome_bam.bam,,,,,,,,,
USP5,D0_D2_common,2022_06_25_WTC_100TFs_10x_results_D0_WTC_100TFs_possorted_genome_bam.bam,,,,,,,,,
VARS,D0_D2_common,2022_06_25_WTC_100TFs_10x_results_D0_WTC_100TFs_possorted_genome_bam.bam,,,,,,,,,
VPS25,D0_D2_common,2022_06_25_WTC_100TFs_10x_results_D0_WTC_100TFs_possorted_genome_bam.bam,,,,,,,,,
WDR45B,D0_D2_common,2022_06_25_WTC_100TFs_10x_results_D0_WTC_100TFs_possorted_genome_bam.bam,,,,,,,,,
XKR4,D0_D2_common,2022_06_25_WTC_100TFs_10x_results_D0_WTC_100TFs_possorted_genome_bam.bam,,,,,,,,,
YBX1,D0_D2_common,2022_06_25_WTC_100TFs_10x_results_D0_WTC_100TFs_possorted_genome_bam.bam,,,,,,,,,
ZCWPW2,D0_D2_common,2022_06_25_WTC_100TFs_10x_results_D0_WTC_100TFs_possorted_genome_bam.bam,,,,,,,edit,,ok
ZNF608,D0_D2_common,2022_06_25_WTC_100TFs_10x_results_D0_WTC_100TFs_possorted_genome_bam.bam,,,,,,,,,
ZNF691,D0_D2_common,2022_06_25_WTC_100TFs_10x_results_D0_WTC_100TFs_possorted_genome_bam.bam,,,,,,,,,
GRIA4,D0_marker,2022_06_25_WTC_100TFs_10x_results_D0_WTC_100TFs_possorted_genome_bam.bam,,,,,,,,,
VSNL1,D0_marker,2022_06_25_WTC_100TFs_10x_results_D0_WTC_100TFs_possorted_genome_bam.bam,,,,,,,,,
POU3F1,D0_marker,2022_06_25_WTC_100TFs_10x_results_D0_WTC_100TFs_possorted_genome_bam.bam,,,,,,,,,
PEX5L,D0_marker,2022_06_25_WTC_100TFs_10x_results_D0_WTC_100TFs_possorted_genome_bam.bam,,,,,,,,,
TSHZ3,D0_marker,2022_06_25_WTC_100TFs_10x_results_D0_WTC_100TFs_possorted_genome_bam.bam,,,,,,,,,
SLC1A3,D0_marker,2022_06_25_WTC_100TFs_10x_results_D0_WTC_100TFs_possorted_genome_bam.bam,,,,,,,,,
PLD5,D0_marker,2022_06_25_WTC_100TFs_10x_results_D0_WTC_100TFs_possorted_genome_bam.bam,,,,,,,,,
LHX1,D2_cluster_11_marker,2022_06_25_WTC_100TFs_10x_results_D2_WTC_100TFs_possorted_genome_bam.bam,,,,,,,,,
SOX17,D2_gene,2022_06_25_WTC_100TFs_10x_results_D2_WTC_100TFs_possorted_genome_bam.bam,,,,,,,,,
DKK4,D2_cluster_11_marker,2022_06_25_WTC_100TFs_10x_results_D2_WTC_100TFs_possorted_genome_bam.bam,,,,,,,,,
EGFLAM,D2_cluster_11_marker,2022_06_25_WTC_100TFs_10x_results_D2_WTC_100TFs_possorted_genome_bam.bam,,,,,,,,,
EOMES,D2_gene,2022_06_25_WTC_100TFs_10x_results_D2_WTC_100TFs_possorted_genome_bam.bam,,,,,,,,,
ESRRG,D2_cluster_11_marker,2022_06_25_WTC_100TFs_10x_results_D2_WTC_100TFs_possorted_genome_bam.bam,,,,,,,,,
FAM183A,D2_gene,2022_06_25_WTC_100TFs_10x_results_D2_WTC_100TFs_possorted_genome_bam.bam,,,,,,,,,
COL13A1,D2_gene,2022_06_25_WTC_100TFs_10x_results_D2_WTC_100TFs_possorted_genome_bam.bam,,,,,,,edit,,ok
NTN4,D2_cluster_11_marker,2022_06_25_WTC_100TFs_10x_results_D2_WTC_100TFs_possorted_genome_bam.bam,,,,,,,,,
HAS2,D2_cluster_11_marker,2022_06_25_WTC_100TFs_10x_results_D2_WTC_100TFs_possorted_genome_bam.bam,,,,,,,,,
LHX1-DT,D2_cluster_11_marker,2022_06_25_WTC_100TFs_10x_results_D2_WTC_100TFs_possorted_genome_bam.bam,,,,,,,,,
PLSCR2,D2_cluster_11_marker,2022_06_25_WTC_100TFs_10x_results_D2_WTC_100TFs_possorted_genome_bam.bam,,,,,,,,,
PRSS2,D2_cluster_11_marker,2022_06_25_WTC_100TFs_10x_results_D2_WTC_100TFs_possorted_genome_bam.bam,,,,,,,,,
AC084816.1,D2_cluster_11_marker,2022_06_25_WTC_100TFs_10x_results_D2_WTC_100TFs_possorted_genome_bam.bam,,,,,,,,,
CER1,D2_cluster_11_marker,2022_06_25_WTC_100TFs_10x_results_D2_WTC_100TFs_possorted_genome_bam.bam,,,,,,,,,
DKK1,D2_cluster_11_marker,2022_06_25_WTC_100TFs_10x_results_D2_WTC_100TFs_possorted_genome_bam.bam,,,,,,,,,
NTN1,D2_cluster_11_marker,2022_06_25_WTC_100TFs_10x_results_D2_WTC_100TFs_possorted_genome_bam.bam,,,,,,,,,
PLXNA2,D2_cluster_11_marker,2022_06_25_WTC_100TFs_10x_results_D2_WTC_100TFs_possorted_genome_bam.bam,,,,,,,,,
ANGPT2,D2_cluster_11_marker,2022_06_25_WTC_100TFs_10x_results_D2_WTC_100TFs_possorted_genome_bam.bam,,,,,,,,,
KIF26B,D2_cluster_11_marker,2022_06_25_WTC_100TFs_10x_results_D2_WTC_100TFs_possorted_genome_bam.bam,,,,,,,,,
KCNH5,D2_cluster_11_marker,2022_06_25_WTC_100TFs_10x_results_D2_WTC_100TFs_possorted_genome_bam.bam,,,,,,,,,
FLRT3,D2_cluster_11_marker,2022_06_25_WTC_100TFs_10x_results_D2_WTC_100TFs_possorted_genome_bam.bam,,,,,,,,,
CYP26A1,D2_cluster_11_marker,2022_06_25_WTC_100TFs_10x_results_D2_WTC_100TFs_possorted_genome_bam.bam,,,,,,,,,
GSC,D2_cluster_11_marker,2022_06_25_WTC_100TFs_10x_results_D2_WTC_100TFs_possorted_genome_bam.bam,,,,,,,,,
ATF2,p2_housekeeping,,,,,,,,,,
BUB1B,p2_housekeeping,,,,,,,,,,
CFL1,p2_housekeeping,,,,,,,,,,
EYA3,p2_housekeeping,,,,,,,,,,
FKBP2,p2_housekeeping,,,,,,,,,,
GPBP1,p2_housekeeping,,,,,,,,,,
HSP90B1,p2_housekeeping,,,,,,,,,,
HSPA5,p2_housekeeping,,,,,,,,,,
KNOP1,p2_housekeeping,,,,,,,,edit,,ok
MKRN1,p2_housekeeping,,,,,,,,,,
MRPL17,p2_housekeeping,,,,,,,,,,
MRPS25,p2_housekeeping,,,,,,,,,,
NOSIP,p2_housekeeping,,,,,,,,edit,,ok
NUP43,p2_housekeeping,,,,,,,,,,
ZNF317,p2_housekeeping,,,,,,,,,,
RBMXL1,positive_control_from_wtc11_encode_dc_tap,,,,,,,,,,
PYCARD,positive_control_from_wtc11_encode_dc_tap,,,,,,,,edit,,ok
CTNND1,positive_control_from_wtc11_encode_dc_tap,,,,,,,,edit,,ok
TMEM107,positive_control_from_wtc11_encode_dc_tap,,,,,,,,,,
FJX1,positive_control_from_wtc11_encode_dc_tap,,,,,,,,,,
FAM136A,positive_control_from_wtc11_encode_dc_tap,,,,,,,,,,
SRPK1,positive_control_from_wtc11_encode_dc_tap,,,,,,,,,,
MOGS,positive_control_from_wtc11_encode_dc_tap,,,,,,,,,,
SAT2,positive_control_from_wtc11_encode_dc_tap,,,,,,,,edit,,ok
VKORC1,positive_control_from_wtc11_encode_dc_tap,,,,,,,,,,
FOXH1,positive_control_from_wtc11_encode_dc_tap,,,,,,,,,,
SEPHS2,positive_control_from_wtc11_encode_dc_tap,,,,,,,,,,
MRI1,positive_control_from_wtc11_encode_dc_tap,,,,,,,,,,
PRSS8,positive_control_from_wtc11_encode_dc_tap,,,,,,,,,,
NLGN2,positive_control_from_wtc11_encode_dc_tap,,,,,,,,,,
LRRC8B,positive_control_from_wtc11_encode_dc_tap,,,,,,,,edit,,ok